{"num_tags": 18, "transitions": [[0.6513414978981018, 0.6927350759506226, -0.8459112048149109, -0.6795366406440735, -0.9868561625480652, -3.162822961807251, -0.5162504315376282, -1.4862244129180908, -1.089677333831787, -0.16163450479507446, 1.9507217407226562, -9.664539337158203, -10.575559616088867, -8.894604682922363, -9.949199676513672, -8.152575492858887, -8.175590515136719, -8.447303771972656], [0.19672821462154388, 0.402321457862854, -0.8114717602729797, -0.4447137415409088, -0.8958932161331177, -1.659736156463623, -1.7070878744125366, 0.5536852478981018, -0.6302120685577393, -0.04441129043698311, -11.47082233428955, 2.247872829437256, -10.564101219177246, -9.582287788391113, -10.249752044677734, -11.091625213623047, -11.858193397521973, -11.362914085388184], [-0.5929478406906128, -0.48953884840011597, 0.5141679048538208, 0.18143919110298157, 1.2969999313354492, -0.1265438348054886, -2.0630128383636475, -1.063907504081726, -0.5491838455200195, 0.02916768752038479, -9.58219051361084, -9.084586143493652, 1.8899036645889282, -9.55670166015625, -11.094785690307617, -11.08936882019043, -7.488267421722412, -8.076000213623047], [-0.6218916773796082, -0.6358001828193665, 0.37443047761917114, 0.2316427081823349, -1.0229731798171997, -0.7782776355743408, -2.0318119525909424, -1.21353018283844, -0.6701985597610474, -0.25100624561309814, -9.98725414276123, -8.97038459777832, -8.797735214233398, 1.9624872207641602, -10.772235870361328, -9.567530632019043, -8.489154815673828, -8.535502433776855], [-1.0326030254364014, -0.7999389171600342, 0.05939830467104912, -1.5780657529830933, -1.712839126586914, 0.7074786424636841, -2.355663299560547, -2.986006736755371, -0.8213173151016235, -0.14666739106178284, -8.768152236938477, -7.413578987121582, -9.199505805969238, -8.973443031311035, 1.8717859983444214, -8.51665210723877, -8.85186767578125, -6.992273330688477], [-0.942130982875824, -1.4179483652114868, -0.7874820828437805, -0.7720256447792053, 0.14595091342926025, 1.430880069732666, -4.123863697052002, -2.2662792205810547, -0.5771360993385315, -0.11130097508430481, -7.505753993988037, -10.438897132873535, -11.044458389282227, -7.595939636230469, -9.003434181213379, 1.903339147567749, -9.485886573791504, -8.074519157409668], [-0.8561734557151794, -1.5797995328903198, -1.7859688997268677, -1.6568036079406738, -1.9105238914489746, -2.953474998474121, 1.0186952352523804, -2.287987470626831, -1.4847568273544312, -0.8393397927284241, -9.189201354980469, -11.65890121459961, -10.117389678955078, -8.315740585327148, -9.148159980773926, -11.240900039672852, 2.4762444496154785, -8.685073852539062], [-0.5461010932922363, 0.11532705277204514, -1.6772347688674927, -0.9704569578170776, -1.4581687450408936, -1.5552515983581543, -2.611514091491699, 0.6523923277854919, -0.8812152743339539, -0.47896483540534973, -7.728105068206787, -8.519915580749512, -8.121034622192383, -9.165882110595703, -8.403746604919434, -7.119080066680908, -7.386344909667969, 2.0362260341644287], [0.16029727458953857, -0.4751242697238922, -0.04552276432514191, -0.04670921340584755, 0.07698413729667664, -1.12340247631073, -1.433836579322815, -0.5769498944282532, 1.5168360471725464, 0.09696556627750397, -9.024979591369629, -10.629284858703613, -8.111710548400879, -11.551549911499023, -9.66245174407959, -7.6513261795043945, -7.820249080657959, -8.183310508728027], [0.15492351353168488, 0.0723380446434021, -0.019249213859438896, 0.038798633962869644, 0.3329137861728668, -0.2378799021244049, -0.5987493395805359, -0.48909661173820496, -0.24830041825771332, 0.69964998960495, -1.8171886205673218, -1.7346882820129395, -3.9273388385772705, -1.921231746673584, -2.368922472000122, -3.9305419921875, -2.2853689193725586, -2.837571144104004], [-0.25438451766967773, 0.7065925598144531, -1.3588522672653198, -0.4747834801673889, -1.8118345737457275, -2.4666247367858887, -1.1756285429000854, -1.6688497066497803, -0.825259804725647, -0.4390253722667694, 1.6628581285476685, -13.158614158630371, -11.411956787109375, -11.712348937988281, -12.353262901306152, -11.477079391479492, -11.571048736572266, -9.953630447387695], [0.0764923095703125, -0.04699177294969559, -0.6299057602882385, -0.5126634240150452, -0.8716362118721008, -1.5339257717132568, -2.20233416557312, 0.14034749567508698, -0.8255133628845215, -0.32088035345077515, -14.606234550476074, 1.8175368309020996, -14.232037544250488, -15.111296653747559, -14.856558799743652, -15.503649711608887, -15.592409133911133, -16.176733016967773], [-0.9086971282958984, -1.0286027193069458, -0.06218789890408516, -0.04477151483297348, 1.1832225322723389, -0.7902987599372864, -2.882091760635376, -2.166132926940918, -0.5994185209274292, -0.20835672318935394, -12.738031387329102, -14.189330101013184, 1.8631701469421387, -13.479153633117676, -14.481877326965332, -14.591302871704102, -12.007139205932617, -11.312235832214355], [-1.3480961322784424, -1.687576413154602, 0.19327381253242493, -0.41868969798088074, -1.2304683923721313, -0.9521060585975647, -2.5044267177581787, -1.9330366849899292, -1.0098906755447388, -0.3853253722190857, -12.353989601135254, -12.157800674438477, -13.737659454345703, 2.025524377822876, -14.083549499511719, -12.920072555541992, -12.029313087463379, -13.178980827331543], [-0.7716729044914246, -1.2541335821151733, -0.3286970257759094, -1.3501116037368774, -1.7662304639816284, 0.12532049417495728, -2.790881633758545, -2.0569233894348145, -0.78388911485672, -0.15571260452270508, -12.364397048950195, -11.315910339355469, -11.97311019897461, -13.055150985717773, 2.1184279918670654, -12.93116283416748, -10.629610061645508, -12.980886459350586], [-1.1269139051437378, -1.7950292825698853, -0.7650039792060852, -0.7177137732505798, -0.03661477938294411, 0.9256078600883484, -3.704653263092041, -2.5186386108398438, -0.6227671504020691, -0.20884889364242554, -11.250896453857422, -13.687296867370605, -13.17986011505127, -11.456369400024414, -12.474249839782715, 1.9118776321411133, -12.448107719421387, -11.197781562805176], [-1.1214410066604614, -2.2079734802246094, -2.176964521408081, -1.6394309997558594, -2.4696340560913086, -2.624004364013672, 0.9415492415428162, -1.9671536684036255, -1.7282596826553345, -1.5948562622070312, -13.247692108154297, -15.311294555664062, -13.68725299835205, -11.659220695495605, -13.285871505737305, -14.554055213928223, 1.6389697790145874, -12.42909049987793], [-0.3600321412086487, 0.12427963316440582, -1.7672924995422363, -1.0878130197525024, -1.2729949951171875, -1.2226918935775757, -2.350409507751465, 0.06617292761802673, -0.8933410048484802, -0.6195669770240784, -11.557182312011719, -12.41112995147705, -11.653762817382812, -13.053810119628906, -12.047378540039062, -10.275857925415039, -10.755804061889648, 1.93562650680542]], "start_transitions": [0.2969970107078552, -0.542798638343811, -0.26588255167007446, 0.3625800907611847, 0.5864713788032532, -1.0630695819854736, -1.507964849472046, -0.6334190964698792, 1.0924148559570312, 0.31822964549064636, -7.585895538330078, -10.747190475463867, -7.7135443687438965, -11.940081596374512, -9.237577438354492, -7.655294418334961, -8.388335227966309, -9.023885726928711], "end_transitions": [-0.3875609338283539, -0.2669266164302826, 0.2064329832792282, -0.07915367931127548, -0.0919022336602211, -0.041938673704862595, -0.6286824941635132, -0.42599424719810486, 0.5096573233604431, 0.12200500071048737, -0.3000984489917755, -0.5091907978057861, -0.2868492901325226, 0.09960796684026718, 0.28424644470214844, -0.3796836733818054, -1.136818528175354, -0.29733020067214966], "class_to_type": {"0": 0, "1": 1, "2": 2, "3": 3, "4": 4, "5": 5, "6": 6, "7": 7, "8": 8, "9": 9, "10": 10, "11": 11, "12": 12, "13": 13, "14": 14, "15": 15, "16": 16, "17": 17}, "num_base_types": 10, "base_types_with_cont": [0, 1, 2, 3, 4, 5, 6, 7], "singleton_base_types": [8, 9], "start_classes": [0, 1, 2, 3, 4, 5, 6, 7], "cont_classes": [10, 11, 12, 13, 14, 15, 16, 17], "singleton_classes": [8, 9], "cont_of": {"0": 10, "1": 11, "2": 12, "3": 13,